num,distribution
2,0.501607732
3,0.234562038
4,0.203171346
5,0.047318973
6,0.009925102
7,0.002568684
8,0.000420563
9,0.000369008
10,0.000056554